<BackupInst xmlns="http://www.microsoft.com/GroupPolicy/GPOOperations/Manifest"><GPOGuid><![CDATA[{F0FA570C-906A-4320-B45C-0DD4EACC5769}]]></GPOGuid><GPODomain><![CDATA[sos.lan]]></GPODomain><GPODomainGuid><![CDATA[{0069038d-2ece-441b-81b7-6f6254c1b9b8}]]></GPODomainGuid><GPODomainController><![CDATA[SOSDC1.sos.lan]]></GPODomainController><BackupTime><![CDATA[2020-11-15T05:32:03]]></BackupTime><ID><![CDATA[{F4EBEB24-7E48-4A27-84E3-9517DBF52C0B}]]></ID><Comment><![CDATA[]]></Comment><GPODisplayName><![CDATA[DoD - Windows Server 2012 R2 DC - User]]></GPODisplayName></BackupInst>
