<BackupInst xmlns="http://www.microsoft.com/GroupPolicy/GPOOperations/Manifest"><GPOGuid><![CDATA[{5F072B47-4314-4078-8175-E394BDE6F246}]]></GPOGuid><GPODomain><![CDATA[sos.lan]]></GPODomain><GPODomainGuid><![CDATA[{0069038d-2ece-441b-81b7-6f6254c1b9b8}]]></GPODomainGuid><GPODomainController><![CDATA[SOSDC1.sos.lan]]></GPODomainController><BackupTime><![CDATA[2020-11-15T05:31:08]]></BackupTime><ID><![CDATA[{629F1201-9145-4A0C-91E9-FBAE33EB9A1C}]]></ID><Comment><![CDATA[]]></Comment><GPODisplayName><![CDATA[SOS Telemetry and Security]]></GPODisplayName></BackupInst>
