<Backups xmlns="http://www.microsoft.com/GroupPolicy/GPOOperations/Manifest" xmlns:mfst="http://www.microsoft.com/GroupPolicy/GPOOperations/Manifest" mfst:version="1.0"><BackupInst><GPOGuid><![CDATA[{30EB7F4B-4B1C-4D45-8C16-9538F6C9E369}]]></GPOGuid><GPODomain><![CDATA[sos.lan]]></GPODomain><GPODomainGuid><![CDATA[{0069038d-2ece-441b-81b7-6f6254c1b9b8}]]></GPODomainGuid><GPODomainController><![CDATA[SOSDC1.sos.lan]]></GPODomainController><BackupTime><![CDATA[2020-11-15T05:30:59]]></BackupTime><ID><![CDATA[{4FCCB7A4-A48B-4B54-8F20-1AFF26E38B95}]]></ID><Comment><![CDATA[]]></Comment><GPODisplayName><![CDATA[DoD - Windows Firewall]]></GPODisplayName></BackupInst></Backups>