<Backups xmlns="http://www.microsoft.com/GroupPolicy/GPOOperations/Manifest" xmlns:mfst="http://www.microsoft.com/GroupPolicy/GPOOperations/Manifest" mfst:version="1.0"><BackupInst><GPOGuid><![CDATA[{5C67CC7A-A179-44A7-8726-85E4C3AD6A32}]]></GPOGuid><GPODomain><![CDATA[sos.lan]]></GPODomain><GPODomainGuid><![CDATA[{0069038d-2ece-441b-81b7-6f6254c1b9b8}]]></GPODomainGuid><GPODomainController><![CDATA[SOSDC1.sos.lan]]></GPODomainController><BackupTime><![CDATA[2020-11-15T05:31:08]]></BackupTime><ID><![CDATA[{438E0A32-70DE-41B0-AFFA-DE99B282BE64}]]></ID><Comment><![CDATA[]]></Comment><GPODisplayName><![CDATA[SOS FireFox STIG]]></GPODisplayName></BackupInst></Backups>