<Backups xmlns="http://www.microsoft.com/GroupPolicy/GPOOperations/Manifest" xmlns:mfst="http://www.microsoft.com/GroupPolicy/GPOOperations/Manifest" mfst:version="1.0"><BackupInst><GPOGuid><![CDATA[{C9AFDEFB-A166-433B-B1EE-594D63A0E33A}]]></GPOGuid><GPODomain><![CDATA[sos.lan]]></GPODomain><GPODomainGuid><![CDATA[{0069038d-2ece-441b-81b7-6f6254c1b9b8}]]></GPODomainGuid><GPODomainController><![CDATA[SOSDC1.sos.lan]]></GPODomainController><BackupTime><![CDATA[2020-11-15T05:31:42]]></BackupTime><ID><![CDATA[{A72A07D5-7955-4A25-93A8-6E356C9E5130}]]></ID><Comment><![CDATA[]]></Comment><GPODisplayName><![CDATA[DoD - Google Chrome]]></GPODisplayName></BackupInst></Backups>