<Backups xmlns="http://www.microsoft.com/GroupPolicy/GPOOperations/Manifest" xmlns:mfst="http://www.microsoft.com/GroupPolicy/GPOOperations/Manifest" mfst:version="1.0"><BackupInst><GPOGuid><![CDATA[{06FCD782-80DF-4F34-AFC1-4684CC37DFBE}]]></GPOGuid><GPODomain><![CDATA[sos.lan]]></GPODomain><GPODomainGuid><![CDATA[{0069038d-2ece-441b-81b7-6f6254c1b9b8}]]></GPODomainGuid><GPODomainController><![CDATA[SOSDC1.sos.lan]]></GPODomainController><BackupTime><![CDATA[2020-11-15T05:30:54]]></BackupTime><ID><![CDATA[{41C6B6B6-245D-4753-BCAD-1E302611B123}]]></ID><Comment><![CDATA[]]></Comment><GPODisplayName><![CDATA[SOS Browser Configurations - Minimal]]></GPODisplayName></BackupInst></Backups>