<Backups xmlns="http://www.microsoft.com/GroupPolicy/GPOOperations/Manifest" xmlns:mfst="http://www.microsoft.com/GroupPolicy/GPOOperations/Manifest" mfst:version="1.0"><BackupInst><GPOGuid><![CDATA[{19BCD625-69C9-47E1-A64E-A2B69469FE9B}]]></GPOGuid><GPODomain><![CDATA[sos.lan]]></GPODomain><GPODomainGuid><![CDATA[{0069038d-2ece-441b-81b7-6f6254c1b9b8}]]></GPODomainGuid><GPODomainController><![CDATA[SOSDC1.sos.lan]]></GPODomainController><BackupTime><![CDATA[2020-11-15T05:30:57]]></BackupTime><ID><![CDATA[{B666D335-569A-469B-831B-E0467D5BE13D}]]></ID><Comment><![CDATA[]]></Comment><GPODisplayName><![CDATA[NSACyber - BitLocker]]></GPODisplayName></BackupInst></Backups>