<BackupInst xmlns="http://www.microsoft.com/GroupPolicy/GPOOperations/Manifest"><GPOGuid><![CDATA[{0A9160CD-F003-4E73-A891-630267ECFF71}]]></GPOGuid><GPODomain><![CDATA[sos.lan]]></GPODomain><GPODomainGuid><![CDATA[{0069038d-2ece-441b-81b7-6f6254c1b9b8}]]></GPODomainGuid><GPODomainController><![CDATA[SOSDC1.sos.lan]]></GPODomainController><BackupTime><![CDATA[2020-11-15T05:30:56]]></BackupTime><ID><![CDATA[{1ACE3C47-332A-499E-B9E6-8C626BF683F5}]]></ID><Comment><![CDATA[]]></Comment><GPODisplayName><![CDATA[DoD - Windows Server 2016 MS - Computer]]></GPODisplayName></BackupInst>
