<BackupInst xmlns="http://www.microsoft.com/GroupPolicy/GPOOperations/Manifest" xmlns:mfst="http://www.microsoft.com/GroupPolicy/GPOOperations/Manifest" mfst:SIPresent="true"><GPOGuid><![CDATA[{719BA146-5569-44A3-BB33-E20DF0887169}]]></GPOGuid><GPODomain><![CDATA[sos.lan]]></GPODomain><GPODomainGuid><![CDATA[{0069038d-2ece-441b-81b7-6f6254c1b9b8}]]></GPODomainGuid><GPODomainController><![CDATA[SOSDC1.sos.lan]]></GPODomainController><BackupTime><![CDATA[2020-11-15T05:31:16]]></BackupTime><ID><![CDATA[{785F5308-A0FA-4893-BF66-CA43D295D681}]]></ID><Comment><![CDATA[]]></Comment><GPODisplayName><![CDATA[SOS Netbanner]]></GPODisplayName></BackupInst>
