<Backups xmlns="http://www.microsoft.com/GroupPolicy/GPOOperations/Manifest" xmlns:mfst="http://www.microsoft.com/GroupPolicy/GPOOperations/Manifest" mfst:version="1.0"><BackupInst><GPOGuid><![CDATA[{5FAB787D-A769-4A1D-A4CD-F9F34F0CEDC6}]]></GPOGuid><GPODomain><![CDATA[sos.lan]]></GPODomain><GPODomainGuid><![CDATA[{0069038d-2ece-441b-81b7-6f6254c1b9b8}]]></GPODomainGuid><GPODomainController><![CDATA[SOSDC1.sos.lan]]></GPODomainController><BackupTime><![CDATA[2020-11-15T05:31:09]]></BackupTime><ID><![CDATA[{5F3651FB-68F8-4EAA-AC59-1C36C6D9BB99}]]></ID><Comment><![CDATA[]]></Comment><GPODisplayName><![CDATA[DoD - Addendum to Imported GPOs]]></GPODisplayName></BackupInst></Backups>