<Backups xmlns="http://www.microsoft.com/GroupPolicy/GPOOperations/Manifest" xmlns:mfst="http://www.microsoft.com/GroupPolicy/GPOOperations/Manifest" mfst:version="1.0"><BackupInst><GPOGuid><![CDATA[{528F2C2F-6AAE-46C0-83C5-D3CF399DFD07}]]></GPOGuid><GPODomain><![CDATA[sos.lan]]></GPODomain><GPODomainGuid><![CDATA[{0069038d-2ece-441b-81b7-6f6254c1b9b8}]]></GPODomainGuid><GPODomainController><![CDATA[SOSDC1.sos.lan]]></GPODomainController><BackupTime><![CDATA[2020-11-15T05:31:05]]></BackupTime><ID><![CDATA[{A84409B3-C5FA-4DC2-9DFA-F9088C8C550A}]]></ID><Comment><![CDATA[]]></Comment><GPODisplayName><![CDATA[SOS Windows Defender Application Control - Enforced]]></GPODisplayName></BackupInst></Backups>