<BackupInst xmlns="http://www.microsoft.com/GroupPolicy/GPOOperations/Manifest"><GPOGuid><![CDATA[{5712CA4A-CCB9-4151-B534-BF00F9433340}]]></GPOGuid><GPODomain><![CDATA[sos.lan]]></GPODomain><GPODomainGuid><![CDATA[{0069038d-2ece-441b-81b7-6f6254c1b9b8}]]></GPODomainGuid><GPODomainController><![CDATA[SOSDC1.sos.lan]]></GPODomainController><BackupTime><![CDATA[2020-11-15T05:31:06]]></BackupTime><ID><![CDATA[{1A2E1386-6467-4DB5-9513-AFC6490DDAD3}]]></ID><Comment><![CDATA[]]></Comment><GPODisplayName><![CDATA[SOS Smartcard Primary Credential]]></GPODisplayName></BackupInst>
