<Backups xmlns="http://www.microsoft.com/GroupPolicy/GPOOperations/Manifest" xmlns:mfst="http://www.microsoft.com/GroupPolicy/GPOOperations/Manifest" mfst:version="1.0"><BackupInst><GPOGuid><![CDATA[{63E9C20C-FC87-4411-861C-854C40AAADBF}]]></GPOGuid><GPODomain><![CDATA[sos.lan]]></GPODomain><GPODomainGuid><![CDATA[{0069038d-2ece-441b-81b7-6f6254c1b9b8}]]></GPODomainGuid><GPODomainController><![CDATA[SOSDC1.sos.lan]]></GPODomainController><BackupTime><![CDATA[2020-11-15T05:31:11]]></BackupTime><ID><![CDATA[{F7863691-01FD-4953-84FB-F93A1FBBA3B0}]]></ID><Comment><![CDATA[]]></Comment><GPODisplayName><![CDATA[SOS ActiveClient]]></GPODisplayName></BackupInst></Backups>