<Backups xmlns="http://www.microsoft.com/GroupPolicy/GPOOperations/Manifest" xmlns:mfst="http://www.microsoft.com/GroupPolicy/GPOOperations/Manifest" mfst:version="1.0"><BackupInst><GPOGuid><![CDATA[{D174109F-DD02-4B6E-AFF1-BF1597035631}]]></GPOGuid><GPODomain><![CDATA[sos.lan]]></GPODomain><GPODomainGuid><![CDATA[{0069038d-2ece-441b-81b7-6f6254c1b9b8}]]></GPODomainGuid><GPODomainController><![CDATA[SOSDC1.sos.lan]]></GPODomainController><BackupTime><![CDATA[2020-11-15T05:31:42]]></BackupTime><ID><![CDATA[{BBCA3F80-36B1-4986-A9D1-D38A52663DC8}]]></ID><Comment><![CDATA[]]></Comment><GPODisplayName><![CDATA[DoD - Internet Explorer 11 - User]]></GPODisplayName></BackupInst></Backups>